runtime,number_of_splits,number_of_backtracks,number_of_simplifications
1.459019422531128,6,5,12
1.1037828922271729,0,0,1
16.168489694595337,106,105,212
0.9836990833282471,0,0,1
1.0767652988433838,0,0,1
4.887473106384277,24,23,48
